omics,num_samples,num_features,top_n,top_feature,top_score
1,875,1000,15,ESR1|2099,1.7515966377296115
2,875,1000,15,SFT2D2,1.2310257340413528
3,875,503,15,hsa-mir-934,0.9622178800036978
